order_month,revenue,total_orders,cumulative_revenue,prev_month_revenue,mom_growth_pct
2016-09-01,279.69,2,279.69,,
2016-10-01,51354.520000000004,290,51634.21000000001,279.69,18261.23
2016-12-01,19.62,1,51653.83000000001,51354.520000000004,-99.96
2017-01-01,136943.45999999996,787,188597.28999999998,19.62,697878.9
2017-02-01,283561.69,1718,472158.98,136943.45999999996,107.06
2017-03-01,425617.96,2617,897776.94,283561.69,50.1
2017-04-01,405848.6099999999,2377,1303625.5499999998,425617.96,-4.64
2017-05-01,582710.8299999997,3640,1886336.3799999994,405848.6099999999,43.58
2017-06-01,499652.2399999998,3205,2385988.619999999,582710.8299999997,-14.25
2017-07-01,578753.7299999999,3946,2964742.349999999,499652.2399999998,15.83
2017-08-01,661903.5199999998,4272,3626645.869999999,578753.7299999999,14.37
2017-09-01,717102.7199999995,4227,4343748.589999999,661903.5199999998,8.34
2017-10-01,764756.0299999999,4547,5108504.619999999,717102.7199999995,6.65
2017-11-01,1172191.6799999997,7421,6280696.299999999,764756.0299999999,53.28
2017-12-01,861526.7699999999,5618,7142223.069999998,1172191.6799999997,-26.5
2018-01-01,1101920.0099999995,7187,8244143.079999998,861526.7699999999,27.9
2018-02-01,979486.1599999996,6624,9223629.239999998,1101920.0099999995,-11.11
2018-03-01,1152656.9900000005,7168,10376286.229999999,979486.1599999996,17.68
2018-04-01,1156248.89,6919,11532535.12,1152656.9900000005,0.31
2018-05-01,1145686.4600000004,6833,12678221.58,1156248.89,-0.91
2018-06-01,1020381.9000000001,6145,13698603.48,1145686.4600000004,-10.94
2018-07-01,1039783.5800000002,6233,14738387.06,1020381.9000000001,1.9
2018-08-01,996973.5100000002,6421,15735360.57,1039783.5800000002,-4.12
2018-09-01,166.46,1,15735527.030000001,996973.5100000002,-99.98
